Rank,Primary Statistical Area,2014 Estimate,2010 Census,Change,Constituent Core Based Statistical Areas
1,"New York-Newark, NY-NJ-CT-PA Combined Statistical Area",23632722,23076664,+2.41%,"New York-Newark-Jersey City, NY-NJ-PA Metropolitan Statistical Area
Bridgeport-Stamford-Norwalk, CT Metropolitan Statistical Area
New Haven-Milford, CT Metropolitan Statistical Area
Allentown-Bethlehem-Easton, PA-NJ Metropolitan Statistical Area
Trenton, NJ Metropolitan Statistical Area
Torrington, CT Micropolitan Statistical Area
Kingston, NY Metropolitan Statistical Area
East Stroudsburg, PA Metropolitan Statistical Area"
2,"Los Angeles-Long Beach, CA Combined Statistical Area",18550288,17877006,+3.77%,"Los Angeles-Long Beach-Anaheim, CA Metropolitan Statistical Area
Riverside-San Bernardino-Ontario, CA Metropolitan Statistical Area
Oxnard-Thousand Oaks-Ventura, CA Metropolitan Statistical Area"
3,"Chicago-Naperville, IL-IN-WI Combined Statistical Area",9928312,9840929,+0.89%,"Chicago-Naperville-Elgin, IL-IN-WI Metropolitan Statistical Area
Ottawa-Peru, IL Micropolitan Statistical Area
Kankakee, IL Metropolitan Statistical Area
Michigan City-La Porte, IN Metropolitan Statistical Area"
4,"Washington-Baltimore-Arlington, DC-MD-VA-WV-PA Combined Statistical Area",9546579,9051961,+5.46%,"Washington-Arlington-Alexandria, DC-VA-MD-WV Metropolitan Statistical Area
Baltimore-Columbia-Towson, MD Metropolitan Statistical Area
Hagerstown-Martinsburg, MD-WV Metropolitan Statistical Area
Chambersburg-Waynesboro, PA Metropolitan Statistical Area
Winchester, VA-WV Metropolitan Statistical Area
California-Lexington Park, MD Metropolitan Statistical Area
Easton, MD Micropolitan Statistical Area
Cambridge, MD Micropolitan Statistical Area"
5,"San Jose-San Francisco-Oakland, CA Combined Statistical Area",8607423,8153696,+5.56%,"San Francisco-Oakland-Hayward, CA Metropolitan Statistical Area
San Jose-Sunnyvale-Santa Clara, CA Metropolitan Statistical Area
Stockton-Lodi, CA Metropolitan Statistical Area
Santa Rosa, CA Metropolitan Statistical Area
Vallejo-Fairfield, CA Metropolitan Statistical Area
Santa Cruz-Watsonville, CA Metropolitan Statistical Area
Napa, CA Metropolitan Statistical Area"
6,"Boston-Worcester-Providence, MA-RI-NH-CT Combined Statistical Area",8099575,7893376,+2.61%,"Boston-Cambridge-Newton, MA-NH Metropolitan Statistical Area
Providence-Warwick, RI-MA Metropolitan Statistical Area
Worcester, MA-CT Metropolitan Statistical Area
Manchester-Nashua, NH Metropolitan Statistical Area
Barnstable Town, MA Metropolitan Statistical Area
Concord, NH Micropolitan Statistical Area
Laconia, NH Micropolitan Statistical Area"
7,"Dallas-Fort Worth, TX-OK Combined Statistical Area",7352613,6817483,+7.85%,"Dallas-Fort Worth-Arlington, TX Metropolitan Statistical Area
Sherman-Denison, TX Metropolitan Statistical Area
Athens, TX Micropolitan Statistical Area
Corsicana, TX Micropolitan Statistical Area
Durant, OK Micropolitan Statistical Area
Gainesville, TX Micropolitan Statistical Area
Sulphur Springs, TX Micropolitan Statistical Area
Mineral Wells, TX Micropolitan Statistical Area"
8,"Philadelphia-Reading-Camden, PA-NJ-DE-MD Combined Statistical Area",7164790,7067807,+1.37%,"Philadelphia-Camden-Wilmington, PA-NJ-DE-MD Metropolitan Statistical Area
Reading, PA Metropolitan Statistical Area
Atlantic City-Hammonton, NJ Metropolitan Statistical Area
Dover, DE Metropolitan Statistical Area
Vineland-Bridgeton, NJ Metropolitan Statistical Area
Ocean City, NJ Metropolitan Statistical Area"
9,"Miami-Fort Lauderdale-Port St. Lucie, FL Combined Statistical Area",6723472,6166766,+9.03%,"Miami-Fort Lauderdale-West Palm Beach, FL Metropolitan Statistical Area
Port St. Lucie, FL Metropolitan Statistical Area
Sebastian-Vero Beach, FL Metropolitan Statistical Area
Okeechobee, FL Micropolitan Statistical Area"
10,"Houston-The Woodlands, TX Combined Statistical Area",6686318,6114562,+9.35%,"Houston-The Woodlands-Sugar Land, TX Metropolitan Statistical Area
Huntsville, TX Micropolitan Statistical Area
El Campo, TX Micropolitan Statistical Area
Bay City, TX Micropolitan Statistical Area
Brenham, TX Micropolitan Statistical Area"
11,"Atlanta–Athens-Clarke County–Sandy Springs, GA Combined Statistical Area",6258875,5910296,+5.90%,"Atlanta-Sandy Springs-Roswell, GA Metropolitan Statistical Area
Athens-Clarke County, GA Metropolitan Statistical Area
Gainesville, GA Metropolitan Statistical Area
LaGrange, GA Micropolitan Statistical Area
Jefferson, GA Micropolitan Statistical Area
Calhoun, GA Micropolitan Statistical Area
Cedartown, GA Micropolitan Statistical Area
Thomaston, GA Micropolitan Statistical Area"
12,"Detroit-Warren-Ann Arbor, MI Combined Statistical Area",5315251,5318744,−0.07%,"Detroit-Warren-Dearborn, MI Metropolitan Statistical Area
Flint, MI Metropolitan Statistical Area
Ann Arbor, MI Metropolitan Statistical Area
Monroe, MI Metropolitan Statistical Area
Adrian, MI Micropolitan Statistical Area"
13,"Seattle-Tacoma, WA Combined Statistical Area",4526991,4274767,+5.90%,"Seattle-Tacoma-Bellevue, WA Metropolitan Statistical Area
Olympia-Tumwater, WA Metropolitan Statistical Area
Bremerton-Silverdale, WA Metropolitan Statistical Area
Mount Vernon-Anacortes, WA Metropolitan Statistical Area
Oak Harbor, WA Micropolitan Statistical Area
Centralia, WA Micropolitan Statistical Area
Shelton, WA Micropolitan Statistical Area"
14,"Phoenix-Mesa-Scottsdale, AZ Metropolitan Statistical Area",4489109,4192887,+7.06%,
15,"Minneapolis-St. Paul, MN-WI Combined Statistical Area",3835050,3684928,+4.07%,"Minneapolis-St. Paul-Bloomington, MN-WI Metropolitan Statistical Area
St. Cloud, MN Metropolitan Statistical Area
Faribault-Northfield, MN Micropolitan Statistical Area
Red Wing, MN Micropolitan Statistical Area
Hutchinson, MN Micropolitan Statistical Area"
16,"Cleveland-Akron-Canton, OH Combined Statistical Area",3497851,3515646,−0.51%,"Cleveland-Elyria, OH Metropolitan Statistical Area
Akron, OH Metropolitan Statistical Area
Canton-Massillon, OH Metropolitan Statistical Area
Ashtabula, OH Micropolitan Statistical Area
New Philadelphia-Dover, OH Micropolitan Statistical Area
Sandusky, OH Micropolitan Statistical Area
Norwalk, OH Micropolitan Statistical Area"
17,"Denver-Aurora, CO Combined Statistical Area",3345261,3090874,+8.23%,"Denver-Aurora-Lakewood, CO Metropolitan Statistical Area
Boulder, CO Metropolitan Statistical Area
Greeley, CO Metropolitan Statistical Area"
18,"San Diego-Carlsbad, CA Metropolitan Statistical Area",3263431,3095313,+5.43%,
19,"Portland-Vancouver-Salem, OR-WA Combined Statistical Area",3160488,2921408,+8.18%,"Portland-Vancouver-Hillsboro, OR-WA Metropolitan Statistical Area
Salem, OR Metropolitan Statistical Area
Albany, OR Metropolitan Statistical Area
Longview, WA Metropolitan Statistical Area
Corvallis, OR Metropolitan Statistical Area"
20,"Orlando-Deltona-Daytona Beach, FL Combined Statistical Area",3045707,2818120,+8.08%,"Orlando-Kissimmee-Sanford, FL Metropolitan Statistical Area
Deltona-Daytona Beach-Ormond Beach, FL Metropolitan Statistical Area
The Villages, FL Metropolitan Statistical Area"
21,"Tampa-St. Petersburg-Clearwater, FL Metropolitan Statistical Area",2915582,2783243,+4.75%,
22,"St. Louis-St. Charles-Farmington, MO-IL Combined Statistical Area",2910738,2892497,+0.63%,"St. Louis, MO-IL Metropolitan Statistical Area
Farmington, MO Micropolitan Statistical Area
Centralia, IL Micropolitan Statistical Area"
23,"Pittsburgh-New Castle-Weirton, PA-OH-WV Combined Statistical Area",2653781,2660727,−0.26%,"Pittsburgh, PA Metropolitan Statistical Area
Weirton-Steubenville, WV-OH Metropolitan Statistical Area
New Castle, PA Micropolitan Statistical Area
Indiana, PA Micropolitan Statistical Area"
24,"Charlotte-Concord, NC-SC Combined Statistical Area",2537990,2375675,+6.83%,"Charlotte-Concord-Gastonia, NC-SC Metropolitan Statistical Area
Shelby, NC Micropolitan Statistical Area
Albemarle, NC Micropolitan Statistical Area"
25,"Sacramento-Roseville, CA Combined Statistical Area",2513103,2414783,+4.07%,"Sacramento–Roseville–Arden-Arcade, CA Metropolitan Statistical Area
Yuba City, CA Metropolitan Statistical Area
Truckee-Grass Valley, CA Micropolitan Statistical Area"
26,"Salt Lake City-Provo-Orem, UT Combined Statistical Area",2423912,2271696,+6.70%,"Salt Lake City, UT Metropolitan Statistical Area
Ogden-Clearfield, UT Metropolitan Statistical Area
Provo-Orem, UT Metropolitan Statistical Area
Summit Park, UT Micropolitan Statistical Area
Heber, UT Micropolitan Statistical Area"
27,"Kansas City-Overland Park-Kansas City, MO-KS Combined Statistical Area",2411635,2343008,+2.93%,"Kansas City, MO-KS Metropolitan Statistical Area
St. Joseph, MO-KS Metropolitan Statistical Area
Lawrence, KS Metropolitan Statistical Area
Warrensburg, MO Micropolitan Statistical Area
Ottawa, KS Micropolitan Statistical Area
Atchison, KS Micropolitan Statistical Area"
28,"Columbus-Marion-Zanesville, OH Combined Statistical Area",2398297,2308509,+3.89%,"Columbus, OH Metropolitan Statistical Area
Zanesville, OH Micropolitan Statistical Area
Chillicothe, OH Micropolitan Statistical Area
Marion, OH Micropolitan Statistical Area
Mount Vernon, OH Micropolitan Statistical Area
Bellefontaine, OH Micropolitan Statistical Area
Cambridge, OH Micropolitan Statistical Area
Washington Court House, OH Micropolitan Statistical Area"
29,"Indianapolis-Carmel-Muncie, IN Combined Statistical Area",2353935,2266569,+3.85%,"Indianapolis-Carmel-Anderson, IN Metropolitan Statistical Area
Muncie, IN Metropolitan Statistical Area
Columbus, IN Metropolitan Statistical Area
New Castle, IN Micropolitan Statistical Area
Seymour, IN Micropolitan Statistical Area
Crawfordsville, IN Micropolitan Statistical Area
North Vernon, IN Micropolitan Statistical Area
Greensburg, IN Micropolitan Statistical Area"
30,"San Antonio-New Braunfels, TX Metropolitan Statistical Area",2328652,2142508,+8.69%,
31,"Las Vegas-Henderson, NV-AZ Combined Statistical Area",2315324,2195401,+5.46%,"Las Vegas-Henderson-Paradise, NV Metropolitan Statistical Area
Lake Havasu City-Kingman, AZ Metropolitan Statistical Area
Pahrump, NV Micropolitan Statistical Area"
32,"Cincinnati-Wilmington-Maysville, OH-KY-IN Combined Statistical Area",2208450,2174110,+1.58%,"Cincinnati, OH-KY-IN Metropolitan Statistical Area
Wilmington, OH Micropolitan Statistical Area
Maysville, KY Micropolitan Statistical Area"
33,"Raleigh-Durham-Chapel Hill, NC Combined Statistical Area",2075126,1912729,+8.49%,"Raleigh, NC Metropolitan Statistical Area
Durham-Chapel Hill, NC Metropolitan Statistical Area
Dunn, NC Micropolitan Statistical Area
Oxford, NC Micropolitan Statistical Area
Sanford, NC Micropolitan Statistical Area
Henderson, NC Micropolitan Statistical Area"
34,"Milwaukee-Racine-Waukesha, WI Combined Statistical Area",2043904,2025989,+0.88%,"Milwaukee-Waukesha-West Allis, WI Metropolitan Statistical Area
Racine, WI Metropolitan Statistical Area
Whitewater-Elkhorn, WI Micropolitan Statistical Area
Beaver Dam, WI Micropolitan Statistical Area
Watertown-Fort Atkinson, WI Micropolitan Statistical Area"
35,"Austin-Round Rock, TX Metropolitan Statistical Area",1943299,1716289,+13.23%,
36,"Nashville-Davidson–Murfreesboro, TN Combined Statistical Area",1912819,1788434,+6.95%,"Nashville-Davidson–Murfreesboro–Franklin, TN Metropolitan Statistical Area
Shelbyville, TN Micropolitan Statistical Area
Lawrenceburg, TN Micropolitan Statistical Area
Lewisburg, TN Micropolitan Statistical Area"
37,"Virginia Beach-Norfolk, VA-NC Combined Statistical Area",1819427,1779243,+2.26%,"Virginia Beach-Norfolk-Newport News, VA-NC Metropolitan Statistical Area
Elizabeth City, NC Micropolitan Statistical Area
Kill Devil Hills, NC Micropolitan Statistical Area"
38,"Greensboro–Winston-Salem–High Point, NC Combined Statistical Area",1630368,1589200,+2.59%,"Greensboro-High Point, NC Metropolitan Statistical Area
Winston-Salem, NC Metropolitan Statistical Area
Burlington, NC Metropolitan Statistical Area
Mount Airy, NC Micropolitan Statistical Area"
39,"Jacksonville-St. Marys-Palatka, FL-GA Combined Statistical Area",1543297,1470473,+4.95%,"Jacksonville, FL Metropolitan Statistical Area
Palatka, FL Micropolitan Statistical Area
St. Marys, GA Micropolitan Statistical Area"
40,"Louisville/Jefferson County–Elizabethtown–Madison, KY-IN Combined Statistical Area",1498593,1459911,+2.65%,"Louisville/Jefferson County, KY-IN Metropolitan Statistical Area
Elizabethtown-Fort Knox, KY Metropolitan Statistical Area
Bardstown, KY Micropolitan Statistical Area
Madison, IN Micropolitan Statistical Area"
41,"Hartford-West Hartford, CT Combined Statistical Area",1487971,1486436,+0.10%,"Hartford-West Hartford-East Hartford, CT Metropolitan Statistical Area
Norwich-New London, CT Metropolitan Statistical Area"
42,"New Orleans-Metairie-Hammond, LA-MS Combined Statistical Area",1480408,1413965,+4.70%,"New Orleans-Metairie, LA Metropolitan Statistical Area
Hammond, LA Metropolitan Statistical Area
Picayune, MS Micropolitan Statistical Area
Bogalusa, LA Micropolitan Statistical Area"
43,"Grand Rapids-Wyoming-Muskegon, MI Combined Statistical Area",1421374,1379237,+3.06%,"Grand Rapids-Wyoming, MI Metropolitan Statistical Area
Muskegon, MI Metropolitan Statistical Area
Holland, MI Micropolitan Statistical Area
Ionia, MI Micropolitan Statistical Area
Big Rapids, MI Micropolitan Statistical Area"
44,"Greenville-Spartanburg-Anderson, SC Combined Statistical Area",1409582,1362073,+3.49%,"Greenville-Anderson-Mauldin, SC Metropolitan Statistical Area
Spartanburg, SC Metropolitan Statistical Area
Greenwood, SC Micropolitan Statistical Area
Seneca, SC Micropolitan Statistical Area
Gaffney, SC Micropolitan Statistical Area"
45,"Oklahoma City-Shawnee, OK Combined Statistical Area",1408578,1322429,+6.51%,"Oklahoma City, OK Metropolitan Statistical Area
Shawnee, OK Micropolitan Statistical Area"
46,"Memphis-Forrest City, TN-MS-AR Combined Statistical Area",1370129,1353087,+1.26%,"Memphis, TN-MS-AR Metropolitan Statistical Area
Forrest City, AR Micropolitan Statistical Area"
47,"Birmingham-Hoover-Talladega, AL Combined Statistical Area",1317269,1302283,+1.15%,"Birmingham-Hoover, AL Metropolitan Statistical Area
Talladega-Sylacauga, AL Micropolitan Statistical Area
Cullman, AL Micropolitan Statistical Area"
48,"Richmond, VA Metropolitan Statistical Area",1260029,1208101,+4.30%,
49,"Harrisburg-York-Lebanon, PA Combined Statistical Area",1239677,1219422,+1.66%,"Harrisburg-Carlisle, PA Metropolitan Statistical Area
York-Hanover, PA Metropolitan Statistical Area
Lebanon, PA Metropolitan Statistical Area
Gettysburg, PA Metropolitan Statistical Area"
50,"Buffalo-Cheektowaga, NY Combined Statistical Area",1214960,1215826,−0.07%,"Buffalo-Cheektowaga-Niagara Falls, NY Metropolitan Statistical Area
Olean, NY Micropolitan Statistical Area"
51,"Rochester-Batavia-Seneca Falls, NY Combined Statistical Area",1177439,1175001,+0.21%,"Rochester, NY Metropolitan Statistical Area
Batavia, NY Micropolitan Statistical Area
Seneca Falls, NY Micropolitan Statistical Area"
52,"Albany-Schenectady, NY Combined Statistical Area",1173518,1168485,+0.43%,"Albany-Schenectady-Troy, NY Metropolitan Statistical Area
Glens Falls, NY Metropolitan Statistical Area
Hudson, NY Micropolitan Statistical Area
Gloversville, NY Micropolitan Statistical Area
Amsterdam, NY Micropolitan Statistical Area"
53,"Albuquerque-Santa Fe-Las Vegas, NM Combined Statistical Area",1165798,1146049,+1.72%,"Albuquerque, NM Metropolitan Statistical Area
Santa Fe, NM Metropolitan Statistical Area
Española, NM Micropolitan Statistical Area
Las Vegas, NM Micropolitan Statistical Area
Grants, NM Micropolitan Statistical Area
Los Alamos, NM Micropolitan Statistical Area"
54,"Tulsa-Muskogee-Bartlesville, OK Combined Statistical Area",1139468,1106431,+2.99%,"Tulsa, OK Metropolitan Statistical Area
Muskogee, OK Micropolitan Statistical Area
Bartlesville, OK Micropolitan Statistical Area
Tahlequah, OK Micropolitan Statistical Area"
55,"Fresno-Madera, CA Combined Statistical Area",1120522,1081315,+3.63%,"Fresno, CA Metropolitan Statistical Area
Madera, CA Metropolitan Statistical Area"
56,"Knoxville-Morristown-Sevierville, TN Combined Statistical Area",1103782,1077073,+2.48%,"Knoxville, TN Metropolitan Statistical Area
Morristown, TN Metropolitan Statistical Area
Sevierville, TN Micropolitan Statistical Area
Newport, TN Micropolitan Statistical Area"
57,"Dayton-Springfield-Sidney, OH Combined Statistical Area",1077665,1080044,−0.22%,"Dayton, OH Metropolitan Statistical Area
Springfield, OH Metropolitan Statistical Area
Greenville, OH Micropolitan Statistical Area
Sidney, OH Micropolitan Statistical Area
Urbana, OH Micropolitan Statistical Area"
58,"Tucson-Nogales, AZ Combined Statistical Area",1051211,1027683,+2.29%,"Tucson, AZ Metropolitan Statistical Area
Nogales, AZ Micropolitan Statistical Area"
59,"El Paso-Las Cruces, TX-NM Combined Statistical Area",1050374,1013356,+3.65%,"El Paso, TX Metropolitan Statistical Area
Las Cruces, NM Metropolitan Statistical Area"
60,"Cape Coral-Fort Myers-Naples, FL Combined Statistical Area",1028290,940274,+9.36%,"Cape Coral-Fort Myers, FL Metropolitan Statistical Area
Naples-Immokalee-Marco Island, FL Metropolitan Statistical Area"
61,"Urban Honolulu, HI Metropolitan Statistical Area",991788,953207,+4.05%,
62,"North Port-Sarasota, FL Combined Statistical Area",952194,897121,+6.14%,"North Port-Sarasota-Bradenton, FL Metropolitan Statistical Area
Punta Gorda, FL Metropolitan Statistical Area
Arcadia, FL Micropolitan Statistical Area"
63,"Chattanooga-Cleveland-Dalton, TN-GA-AL Combined Statistical Area",945148,923460,+2.35%,"Chattanooga, TN-GA Metropolitan Statistical Area
Dalton, GA Metropolitan Statistical Area
Cleveland, TN Metropolitan Statistical Area
Scottsboro, AL Micropolitan Statistical Area
Athens, TN Micropolitan Statistical Area
Dayton, TN Micropolitan Statistical Area"
64,"Omaha-Council Bluffs-Fremont, NE-IA Combined Statistical Area",941165,902041,+4.34%,"Omaha-Council Bluffs, NE-IA Metropolitan Statistical Area
Fremont, NE Micropolitan Statistical Area"
65,"Columbia-Orangeburg-Newberry, SC Combined Statistical Area",928368,897607,+3.43%,"Columbia, SC Metropolitan Statistical Area
Orangeburg, SC Micropolitan Statistical Area
Newberry, SC Micropolitan Statistical Area"
66,"Little Rock-North Little Rock, AR Combined Statistical Area",902443,877091,+2.89%,"Little Rock-North Little Rock-Conway, AR Metropolitan Statistical Area
Pine Bluff, AR Metropolitan Statistical Area
Searcy, AR Micropolitan Statistical Area"
67,"McAllen-Edinburg, TX Combined Statistical Area",894028,835737,+6.97%,"McAllen-Edinburg-Mission, TX Metropolitan Statistical Area
Rio Grande City, TX Micropolitan Statistical Area"
68,"Bakersfield, CA Metropolitan Statistical Area",874589,839631,+4.16%,
69,"Madison-Janesville-Beloit, WI Combined Statistical Area",858354,827742,+3.70%,"Madison, WI Metropolitan Statistical Area
Janesville-Beloit, WI Metropolitan Statistical Area
Baraboo, WI Micropolitan Statistical Area"
70,"Baton Rouge, LA Metropolitan Statistical Area",825478,802484,+2.87%,
71,"Modesto-Merced, CA Combined Statistical Area",798350,770246,+3.65%,"Modesto, CA Metropolitan Statistical Area
Merced, CA Metropolitan Statistical Area"
72,"Des Moines-Ames-West Des Moines, IA Combined Statistical Area",768927,722323,+6.45%,"Des Moines-West Des Moines, IA Metropolitan Statistical Area
Ames, IA Metropolitan Statistical Area
Newton, IA Micropolitan Statistical Area
Boone, IA Micropolitan Statistical Area
Pella-Knoxville, IA Micropolitan Statistical Area"
73,"Boise City-Mountain Home-Ontario, ID-OR Combined Statistical Area",743711,697535,+6.62%,"Boise City, ID Metropolitan Statistical Area
Ontario, OR-ID Micropolitan Statistical Area
Mountain Home, ID Micropolitan Statistical Area"
74,"Syracuse-Auburn, NY Combined Statistical Area",740301,742603,−0.31%,"Syracuse, NY Metropolitan Statistical Area
Auburn, NY Micropolitan Statistical Area"
75,"Charleston-North Charleston, SC Metropolitan Statistical Area",727689,664607,+9.49%,
76,"South Bend-Elkhart-Mishawaka, IN-MI Combined Statistical Area",723537,720647,+0.40%,"South Bend-Mishawaka, IN-MI Metropolitan Statistical Area
Elkhart-Goshen, IN Metropolitan Statistical Area
Niles-Benton Harbor, MI Metropolitan Statistical Area
Plymouth, IN Micropolitan Statistical Area"
77,"Lexington-Fayette–Richmond–Frankfort, KY Combined Statistical Area",716090,687173,+4.21%,"Lexington-Fayette, KY Metropolitan Statistical Area
Richmond-Berea, KY Micropolitan Statistical Area
Frankfort, KY Micropolitan Statistical Area
Mount Sterling, KY Micropolitan Statistical Area"
78,"Springfield-Greenfield Town, MA Combined Statistical Area",699962,692942,+1.01%,"Springfield, MA Metropolitan Statistical Area
Greenfield Town, MA Micropolitan Statistical Area"
79,"Charleston-Huntington-Ashland, WV-OH-KY Combined Statistical Area",698809,708228,−1.33%,"Huntington-Ashland, WV-KY-OH Metropolitan Statistical Area
Charleston, WV Metropolitan Statistical Area
Portsmouth, OH Micropolitan Statistical Area
Logan, WV Micropolitan Statistical Area"
80,"Huntsville-Decatur-Albertville, AL Combined Statistical Area",688806,664441,+3.67%,"Huntsville, AL Metropolitan Statistical Area
Decatur, AL Metropolitan Statistical Area
Albertville, AL Micropolitan Statistical Area"
81,"Spokane-Spokane Valley-Coeur d'Alene, WA-ID Combined Statistical Area",688279,666247,+3.31%,"Spokane-Spokane Valley, WA Metropolitan Statistical Area
Coeur d'Alene, ID Metropolitan Statistical Area"
82,"Colorado Springs, CO Metropolitan Statistical Area",686908,645613,+6.40%,
83,"Wichita-Arkansas City-Winfield, KS Combined Statistical Area",677039,667230,+1.47%,"Wichita, KS Metropolitan Statistical Area
Arkansas City-Winfield, KS Micropolitan Statistical Area"
84,"Jackson-Vicksburg-Brookhaven, MS Combined Statistical Area",669402,660368,+1.37%,"Jackson, MS Metropolitan Statistical Area
Vicksburg, MS Micropolitan Statistical Area
Brookhaven, MS Micropolitan Statistical Area"
85,"Youngstown-Warren-East Liverpool, OH-PA Combined Statistical Area",658949,673614,−2.18%,"Youngstown-Warren-Boardman, OH-PA Metropolitan Statistical Area
East Liverpool-Salem, OH Micropolitan Statistical Area"
86,"Toledo-Port Clinton, OH Combined Statistical Area",648610,651429,−0.43%,"Toledo, OH Metropolitan Statistical Area
Port Clinton, OH Micropolitan Statistical Area"
87,"Lakeland-Winter Haven, FL Metropolitan Statistical Area",634638,602095,+5.40%,
88,"Portland-Lewiston-South Portland, ME Combined Statistical Area",630992,621800,+1.48%,"Portland-South Portland, ME Metropolitan Statistical Area
Lewiston-Auburn, ME Metropolitan Statistical Area"
89,"Fort Wayne-Huntington-Auburn, IN Combined Statistical Area",622989,611712,+1.84%,"Fort Wayne, IN Metropolitan Statistical Area
Kendallville, IN Micropolitan Statistical Area
Auburn, IN Micropolitan Statistical Area
Huntington, IN Micropolitan Statistical Area
Decatur, IN Micropolitan Statistical Area
Angola, IN Micropolitan Statistical Area"
90,"Lafayette-Opelousas-Morgan City, LA Combined Statistical Area",621845,604784,+2.82%,"Lafayette, LA Metropolitan Statistical Area
Opelousas, LA Micropolitan Statistical Area
Morgan City, LA Micropolitan Statistical Area"
91,"Mobile-Daphne-Fairhope, AL Combined Statistical Area",615234,595257,+3.36%,"Mobile, AL Metropolitan Statistical Area
Daphne-Fairhope-Foley, AL Metropolitan Statistical Area"
92,"Visalia-Porterville-Hanford, CA Combined Statistical Area",608467,595161,+2.24%,"Visalia-Porterville, CA Metropolitan Statistical Area
Hanford-Corcoran, CA Metropolitan Statistical Area"
93,"Reno-Carson City-Fernley, NV Combined Statistical Area",597837,579668,+3.13%,"Reno, NV Metropolitan Statistical Area
Carson City, NV Metropolitan Statistical Area
Fernley, NV Micropolitan Statistical Area
Gardnerville Ranchos, NV Micropolitan Statistical Area"
94,"Augusta-Richmond County, GA-SC Metropolitan Statistical Area",583632,564873,+3.32%,
95,"Scranton–Wilkes-Barre–Hazleton, PA Metropolitan Statistical Area",559679,563631,−0.70%,
96,"Palm Bay-Melbourne-Titusville, FL Metropolitan Statistical Area",556885,543376,+2.49%,
97,"Fayetteville-Lumberton-Laurinburg, NC Combined Statistical Area",548275,536708,+2.16%,"Fayetteville, NC Metropolitan Statistical Area
Lumberton, NC Micropolitan Statistical Area
Laurinburg, NC Micropolitan Statistical Area"
98,"Lansing-East Lansing-Owosso, MI Combined Statistical Area",539391,534684,+0.88%,"Lansing-East Lansing, MI Metropolitan Statistical Area
Owosso, MI Micropolitan Statistical Area"
99,"Springfield-Branson, MO Combined Statistical Area",537631,520589,+3.27%,"Springfield, MO Metropolitan Statistical Area
Branson, MO Micropolitan Statistical Area"
100,"Lancaster, PA Metropolitan Statistical Area",533320,519445,+2.67%,
101,"Kalamazoo-Battle Creek-Portage, MI Combined Statistical Area",529841,524030,+1.11%,"Kalamazoo-Portage, MI Metropolitan Statistical Area
Battle Creek, MI Metropolitan Statistical Area
Sturgis, MI Micropolitan Statistical Area"
102,"Savannah-Hinesville-Statesboro, GA Combined Statistical Area",527106,495745,+6.33%,"Savannah, GA Metropolitan Statistical Area
Hinesville, GA Metropolitan Statistical Area
Statesboro, GA Micropolitan Statistical Area"
103,"Corpus Christi-Kingsville-Alice, TX Combined Statistical Area",522051,501500,+4.10%,"Corpus Christi, TX Metropolitan Statistical Area
Alice, TX Micropolitan Statistical Area
Kingsville, TX Micropolitan Statistical Area"
104,"Johnson City-Kingsport-Bristol, TN-VA Combined Statistical Area",509170,508260,+0.18%,"Kingsport-Bristol-Bristol, TN-VA Metropolitan Statistical Area
Johnson City, TN Metropolitan Statistical Area"
105,"Columbus-Auburn-Opelika, GA-AL Combined Statistical Area",502336,469327,+7.03%,"Columbus, GA-AL Metropolitan Statistical Area
Auburn-Opelika, AL Metropolitan Statistical Area
Valley, AL Micropolitan Statistical Area"
106,"Fayetteville-Springdale-Rogers, AR-MO Metropolitan Statistical Area",501653,463204,+8.30%,
107,"Myrtle Beach-Conway, SC-NC Combined Statistical Area",478441,436880,+9.51%,"Myrtle Beach-Conway-North Myrtle Beach, SC-NC Metropolitan Statistical Area
Georgetown, SC Micropolitan Statistical Area"
108,"Asheville-Brevard, NC Combined Statistical Area",475361,457948,+3.80%,"Asheville, NC Metropolitan Statistical Area
Brevard, NC Micropolitan Statistical Area"
109,"Pensacola-Ferry Pass-Brent, FL Metropolitan Statistical Area",474081,448991,+5.59%,
110,"Davenport-Moline, IA-IL Combined Statistical Area",473984,471551,+0.52%,"Davenport-Moline-Rock Island, IA-IL Metropolitan Statistical Area
Clinton, IA Micropolitan Statistical Area
Muscatine, IA Micropolitan Statistical Area"
111,"Shreveport-Bossier City, LA Metropolitan Statistical Area",445142,439811,+1.21%,
112,"Brownsville-Harlingen-Raymondville, TX Combined Statistical Area",442295,428354,+3.25%,"Brownsville-Harlingen, TX Metropolitan Statistical Area
Raymondville, TX Micropolitan Statistical Area"
113,"Rockford-Freeport-Rochelle, IL Combined Statistical Area",440931,450639,−2.15%,"Rockford, IL Metropolitan Statistical Area
Rochelle, IL Micropolitan Statistical Area
Freeport, IL Micropolitan Statistical Area"
114,"Santa Maria-Santa Barbara, CA Metropolitan Statistical Area",440668,423895,+3.96%,
115,"Salinas, CA Metropolitan Statistical Area",431344,415057,+3.92%,
116,"Cedar Rapids-Iowa City, IA Combined Statistical Area",428242,410526,+4.32%,"Cedar Rapids, IA Metropolitan Statistical Area
Iowa City, IA Metropolitan Statistical Area"
117,"Killeen-Temple, TX Metropolitan Statistical Area",424858,405300,+4.83%,
118,"Macon-Warner Robins, GA Combined Statistical Area",417966,411898,+1.47%,"Macon, GA Metropolitan Statistical Area
Warner Robins, GA Metropolitan Statistical Area"
119,"Peoria-Canton, IL Combined Statistical Area",416047,416255,−0.05%,"Peoria, IL Metropolitan Statistical Area
Canton, IL Micropolitan Statistical Area"
120,"Hickory-Lenoir, NC Combined Statistical Area",407861,410493,−0.64%,"Hickory-Lenoir-Morganton, NC Metropolitan Statistical Area
Marion, NC Micropolitan Statistical Area"
121,"Beaumont-Port Arthur, TX Metropolitan Statistical Area",405427,403190,+0.55%,
122,"Tallahassee-Bainbridge, FL-GA Combined Statistical Area",402971,395255,+1.95%,"Tallahassee, FL Metropolitan Statistical Area
Bainbridge, GA Micropolitan Statistical Area"
123,"Appleton-Oshkosh-Neenah, WI Combined Statistical Area",401008,392660,+2.13%,"Appleton, WI Metropolitan Statistical Area
Oshkosh-Neenah, WI Metropolitan Statistical Area"
124,"Anchorage, AK Metropolitan Statistical Area",398892,380821,+4.75%,
125,"Salisbury, MD-DE Metropolitan Statistical Area",389922,373802,+4.31%,
126,"Gulfport-Biloxi-Pascagoula, MS Metropolitan Statistical Area",386144,370702,+4.17%,
127,"Saginaw-Midland-Bay City, MI Combined Statistical Area",384618,391569,−1.78%,"Saginaw, MI Metropolitan Statistical Area
Bay City, MI Metropolitan Statistical Area
Midland, MI Metropolitan Statistical Area"
128,"Montgomery, AL Metropolitan Statistical Area",373141,374536,−0.37%,
129,"Erie-Meadville, PA Combined Statistical Area",365618,369331,−1.01%,"Erie, PA Metropolitan Statistical Area
Meadville, PA Micropolitan Statistical Area"
130,"Green Bay-Shawano, WI Combined Statistical Area",360632,352422,+2.33%,"Green Bay, WI Metropolitan Statistical Area
Shawano, WI Micropolitan Statistical Area"
131,"Eugene, OR Metropolitan Statistical Area",358337,351715,+1.88%,
132,"Gainesville-Lake City, FL Combined Statistical Area",341234,331806,+2.84%,"Gainesville, FL Metropolitan Statistical Area
Lake City, FL Micropolitan Statistical Area"
133,"Lincoln-Beatrice, NE Combined Statistical Area",340608,324468,+4.97%,"Lincoln, NE Metropolitan Statistical Area
Beatrice, NE Micropolitan Statistical Area"
134,"Ocala, FL Metropolitan Statistical Area",339167,331298,+2.38%,
135,"Lubbock-Levelland, TX Combined Statistical Area",329221,313740,+4.93%,"Lubbock, TX Metropolitan Statistical Area
Levelland, TX Micropolitan Statistical Area"
136,"Fort Collins, CO Metropolitan Statistical Area",324122,299630,+8.17%,
137,"Springfield-Jacksonville-Lincoln, IL Combined Statistical Area",315338,316177,−0.27%,"Springfield, IL Metropolitan Statistical Area
Jacksonville, IL Micropolitan Statistical Area
Taylorville, IL Micropolitan Statistical Area
Lincoln, IL Micropolitan Statistical Area"
138,"Midland-Odessa, TX Combined Statistical Area",315194,278801,+13.05%,"Midland, TX Metropolitan Statistical Area
Odessa, TX Metropolitan Statistical Area"
139,"Evansville, IN-KY Metropolitan Statistical Area",315162,311552,+1.16%,
140,"Roanoke, VA Metropolitan Statistical Area",313388,308707,+1.52%,
141,"Wausau-Stevens Point-Wisconsin Rapids, WI Combined Statistical Area",308363,307574,+0.26%,"Wausau, WI Metropolitan Statistical Area
Wisconsin Rapids-Marshfield, WI Micropolitan Statistical Area
Stevens Point, WI Micropolitan Statistical Area
Merrill, WI Micropolitan Statistical Area"
142,"Rocky Mount-Wilson-Roanoke Rapids, NC Combined Statistical Area",304124,310416,−2.03%,"Rocky Mount, NC Metropolitan Statistical Area
Wilson, NC Micropolitan Statistical Area
Roanoke Rapids, NC Micropolitan Statistical Area"
143,"Utica-Rome, NY Metropolitan Statistical Area",296615,299397,−0.93%,
144,"Medford-Grants Pass, OR Combined Statistical Area",293886,285919,+2.79%,"Medford, OR Metropolitan Statistical Area
Grants Pass, OR Metropolitan Statistical Area"
145,"Longview-Marshall, TX Combined Statistical Area",284817,280000,+1.72%,"Longview, TX Metropolitan Statistical Area
Marshall, TX Micropolitan Statistical Area"
146,"Amarillo-Borger, TX Combined Statistical Area",281658,274083,+2.76%,"Amarillo, TX Metropolitan Statistical Area
Borger, TX Micropolitan Statistical Area"
147,"Duluth, MN-WI Metropolitan Statistical Area",280218,279771,+0.16%,
148,"Fort Smith, AR-OK Metropolitan Statistical Area",279592,280467,−0.31%,
149,"San Luis Obispo-Paso Robles-Arroyo Grande, CA Metropolitan Statistical Area",279083,269637,+3.50%,
150,"Clarksville, TN-KY Metropolitan Statistical Area",278353,260625,+6.80%,
151,"Kennewick-Richland, WA Metropolitan Statistical Area",274295,253340,+8.27%,
152,"Wilmington, NC Metropolitan Statistical Area",272548,254884,+6.93%,
153,"Tyler-Jacksonville, TX Combined Statistical Area",269744,260559,+3.53%,"Tyler, TX Metropolitan Statistical Area
Jacksonville, TX Micropolitan Statistical Area"
154,"Laredo, TX Metropolitan Statistical Area",266673,250304,+6.54%,
155,"Bloomsburg-Berwick-Sunbury, PA Combined Statistical Area",264904,264739,+0.06%,"Sunbury, PA Micropolitan Statistical Area
Bloomsburg-Berwick, PA Metropolitan Statistical Area
Lewisburg, PA Micropolitan Statistical Area
Selinsgrove, PA Micropolitan Statistical Area"
156,"Waco, TX Metropolitan Statistical Area",260430,252772,+3.03%,
157,"Crestview-Fort Walton Beach-Destin, FL Metropolitan Statistical Area",258042,235865,+9.40%,
158,"Lynchburg, VA Metropolitan Statistical Area",257835,252634,+2.06%,
159,"Monroe-Ruston-Bastrop, LA Combined Statistical Area",253241,251155,+0.83%,"Monroe, LA Metropolitan Statistical Area
Ruston, LA Micropolitan Statistical Area
Bastrop, LA Micropolitan Statistical Area"
160,"Rochester-Austin, MN Combined Statistical Area",252101,246040,+2.46%,"Rochester, MN Metropolitan Statistical Area
Austin, MN Micropolitan Statistical Area"
161,"Fargo-Wahpeton, ND-MN Combined Statistical Area",251218,231674,+8.44%,"Fargo, ND-MN Metropolitan Statistical Area
Wahpeton, ND-MN Micropolitan Statistical Area"
162,"Harrisonburg-Staunton-Waynesboro, VA Combined Statistical Area",250415,243730,+2.74%,"Harrisonburg, VA Metropolitan Statistical Area
Staunton-Waynesboro, VA Metropolitan Statistical Area"
163,"Dothan-Enterprise-Ozark, AL Combined Statistical Area",248488,245838,+1.08%,"Dothan, AL Metropolitan Statistical Area
Enterprise, AL Micropolitan Statistical Area
Ozark, AL Micropolitan Statistical Area"
164,"Sioux Falls, SD Metropolitan Statistical Area",248351,228261,+8.80%,
165,"Yakima, WA Metropolitan Statistical Area",247687,243231,+1.83%,
166,"Binghamton, NY Metropolitan Statistical Area",247219,251725,−1.79%,
167,"Lafayette-West Lafayette-Frankfort, IN Combined Statistical Area",244473,235013,+4.03%,"Lafayette-West Lafayette, IN Metropolitan Statistical Area
Frankfort, IN Micropolitan Statistical Area"
168,"College Station-Bryan, TX Metropolitan Statistical Area",242905,228660,+6.23%,
169,"Redding-Red Bluff, CA Combined Statistical Area",242871,240686,+0.91%,"Redding, CA Metropolitan Statistical Area
Red Bluff, CA Micropolitan Statistical Area"
170,"State College-DuBois, PA Combined Statistical Area",239933,235632,+1.83%,"State College, PA Metropolitan Statistical Area
DuBois, PA Micropolitan Statistical Area"
171,"Tuscaloosa, AL Metropolitan Statistical Area",237761,230162,+3.30%,
172,"Champaign-Urbana, IL Metropolitan Statistical Area",237252,231891,+2.31%,
173,"Idaho Falls-Rexburg-Blackfoot, ID Combined Statistical Area",234440,229650,+2.09%,"Idaho Falls, ID Metropolitan Statistical Area
Rexburg, ID Micropolitan Statistical Area
Blackfoot, ID Micropolitan Statistical Area"
174,"Topeka, KS Metropolitan Statistical Area",233758,233870,−0.05%,
175,"Bloomington-Pontiac, IL Combined Statistical Area",228248,225083,+1.41%,"Bloomington, IL Metropolitan Statistical Area
Pontiac, IL Micropolitan Statistical Area"
176,"Charlottesville, VA Metropolitan Statistical Area",226968,218705,+3.78%,
177,"Chico, CA Metropolitan Statistical Area",224241,220000,+1.93%,
178,"Columbia-Moberly-Mexico, MO Combined Statistical Area",223676,213585,+4.72%,"Columbia, MO Metropolitan Statistical Area
Mexico, MO Micropolitan Statistical Area
Moberly, MO Micropolitan Statistical Area"
179,"Greenville-Washington, NC Combined Statistical Area",222939,215907,+3.26%,"Greenville, NC Metropolitan Statistical Area
Washington, NC Micropolitan Statistical Area"
180,"Lima-Van Wert-Celina, OH Combined Statistical Area",220174,221838,−0.75%,"Lima, OH Metropolitan Statistical Area
Wapakoneta, OH Micropolitan Statistical Area
Celina, OH Micropolitan Statistical Area
Van Wert, OH Micropolitan Statistical Area"
181,"Bowling Green-Glasgow, KY Combined Statistical Area",218870,210871,+3.79%,"Bowling Green, KY Metropolitan Statistical Area
Glasgow, KY Micropolitan Statistical Area"
182,"Prescott, AZ Metropolitan Statistical Area",218844,211033,+3.70%,
183,"Claremont-Lebanon, NH-VT Micropolitan Statistical Area",217634,218466,−0.38%,
184,"Mansfield-Ashland-Bucyrus, OH Combined Statistical Area",217457,221398,−1.78%,"Mansfield, OH Metropolitan Statistical Area
Ashland, OH Micropolitan Statistical Area
Bucyrus, OH Micropolitan Statistical Area"
185,"Burlington-South Burlington, VT Metropolitan Statistical Area",216167,211261,+2.32%,
186,"Johnstown-Somerset, PA Combined Statistical Area",213950,221421,−3.37%,"Johnstown, PA Metropolitan Statistical Area
Somerset, PA Micropolitan Statistical Area"
187,"Houma-Thibodaux, LA Metropolitan Statistical Area",211348,208178,+1.52%,
188,"Bloomington-Bedford, IN Combined Statistical Area",210012,205683,+2.10%,"Bloomington, IN Metropolitan Statistical Area
Bedford, IN Micropolitan Statistical Area"
189,"Eau Claire-Menomonie, WI Combined Statistical Area",209329,205008,+2.11%,"Eau Claire, WI Metropolitan Statistical Area
Menomonie, WI Micropolitan Statistical Area"
190,"Pueblo-Cañon City, CO Combined Statistical Area",208377,205887,+1.21%,"Pueblo, CO Metropolitan Statistical Area
Cañon City, CO Micropolitan Statistical Area"
191,"Bellingham, WA Metropolitan Statistical Area",208351,201140,+3.59%,
192,"Joplin-Miami, MO-OK Combined Statistical Area",208246,207366,+0.42%,"Joplin, MO Metropolitan Statistical Area
Miami, OK Micropolitan Statistical Area"
193,"Florence, SC Metropolitan Statistical Area",207030,205566,+0.71%,
194,"Lake Charles, LA Metropolitan Statistical Area",203883,199607,+2.14%,
195,"Yuma, AZ Metropolitan Statistical Area",203247,195751,+3.83%,
196,"Hilton Head Island-Bluffton-Beaufort, SC Metropolitan Statistical Area",203022,187010,+8.56%,
197,"New Bern-Morehead City, NC Combined Statistical Area",196345,193271,+1.59%,"New Bern, NC Metropolitan Statistical Area
Morehead City, NC Micropolitan Statistical Area"
198,"Panama City, FL Metropolitan Statistical Area",194929,184715,+5.53%,
199,"Hilo, HI Micropolitan Statistical Area",194190,185079,+4.92%,
200,"Morgantown-Fairmont, WV Combined Statistical Area",194054,186127,+4.26%,"Morgantown, WV Metropolitan Statistical Area
Fairmont, WV Micropolitan Statistical Area"
201,"Bend-Redmond-Prineville, OR Combined Statistical Area",191386,178711,+7.09%,"Bend-Redmond, OR Metropolitan Statistical Area
Prineville, OR Micropolitan Statistical Area"
202,"Jacksonville, NC Metropolitan Statistical Area",187589,177772,+5.52%,
203,"Elmira-Corning, NY Combined Statistical Area",186164,187820,−0.88%,"Corning, NY Micropolitan Statistical Area
Elmira, NY Metropolitan Statistical Area"
204,"Sioux City-Vermillion, IA-SD-NE Combined Statistical Area",182738,182427,+0.17%,"Sioux City, IA-NE-SD Metropolitan Statistical Area
Vermillion, SD Micropolitan Statistical Area"
205,"Blacksburg-Christiansburg-Radford, VA Metropolitan Statistical Area",181605,178237,+1.89%,
206,"El Centro, CA Metropolitan Statistical Area",179091,174528,+2.61%,
207,"Terre Haute, IN Metropolitan Statistical Area",171480,172425,−0.55%,
208,"Jonesboro-Paragould, AR Combined Statistical Area",170458,163116,+4.50%,"Jonesboro, AR Metropolitan Statistical Area
Paragould, AR Micropolitan Statistical Area"
209,"Waterloo-Cedar Falls, IA Metropolitan Statistical Area",169993,167819,+1.30%,
210,"Abilene, TX Metropolitan Statistical Area",168592,165252,+2.02%,
211,"Rapid City-Spearfish, SD Combined Statistical Area",168295,158695,+6.05%,"Rapid City, SD Metropolitan Statistical Area
Spearfish, SD Micropolitan Statistical Area"
212,"Billings, MT Metropolitan Statistical Area",166885,158934,+5.00%,
213,"Kahului-Wailuku-Lahaina, HI Metropolitan Statistical Area",163108,154924,+5.28%,
214,"Jackson, MI Metropolitan Statistical Area",159741,160248,−0.32%,
215,"Williamsport-Lock Haven, PA Combined Statistical Area",156253,155349,+0.58%,"Williamsport, PA Metropolitan Statistical Area
Lock Haven, PA Micropolitan Statistical Area"
216,"Albany, GA Metropolitan Statistical Area",154925,157308,−1.51%,
217,"Alexandria, LA Metropolitan Statistical Area",154872,153922,+0.62%,
218,"Ithaca-Cortland, NY Combined Statistical Area",153715,150900,+1.87%,"Ithaca, NY Metropolitan Statistical Area
Cortland, NY Micropolitan Statistical Area"
219,"Bangor, ME Metropolitan Statistical Area",153414,153923,−0.33%,
220,"Parkersburg-Marietta-Vienna, WV-OH Combined Statistical Area",153295,154451,−0.75%,"Parkersburg-Vienna, WV Metropolitan Statistical Area
Marietta, OH Micropolitan Statistical Area"
221,"St. George, UT Metropolitan Statistical Area",151948,138115,+10.02%,
222,"Wichita Falls, TX Metropolitan Statistical Area",151536,151306,+0.15%,
223,"Jefferson City, MO Metropolitan Statistical Area",150866,149807,+0.71%,
224,"Texarkana, TX-AR Metropolitan Statistical Area",149235,149198,+0.02%,
225,"Hattiesburg, MS Metropolitan Statistical Area",148656,142842,+4.07%,
226,"Grand Junction, CO Metropolitan Statistical Area",148255,146723,+1.04%,
227,"Florence-Muscle Shoals, AL Metropolitan Statistical Area",147639,147137,+0.34%,
228,"Traverse City, MI Micropolitan Statistical Area",147610,143372,+2.96%,
229,"Pottsville, PA Micropolitan Statistical Area",145797,148289,−1.68%,
230,"Wheeling, WV-OH Metropolitan Statistical Area",145205,147950,−1.86%,
231,"Valdosta, GA Metropolitan Statistical Area",143317,139588,+2.67%,
232,"Tupelo, MS Micropolitan Statistical Area",139723,136268,+2.54%,
233,"Homosassa Springs, FL Metropolitan Statistical Area",139377,141236,−1.32%,
234,"Flagstaff, AZ Metropolitan Statistical Area",137682,134421,+2.43%,
235,"Cape Girardeau-Sikeston, MO-IL Combined Statistical Area",136832,135466,+1.01%,"Cape Girardeau, MO-IL Metropolitan Statistical Area
Sikeston, MO Micropolitan Statistical Area"
236,"La Crosse-Onalaska, WI-MN Metropolitan Statistical Area",136749,133665,+2.31%,
237,"Paducah-Mayfield, KY-IL Combined Statistical Area",135438,135883,−0.33%,"Paducah, KY-IL Micropolitan Statistical Area
Mayfield, KY Micropolitan Statistical Area"
238,"Eureka-Arcata-Fortuna, CA Micropolitan Statistical Area",134809,134623,+0.14%,
239,"Manhattan-Junction City, KS Combined Statistical Area",134804,127081,+6.08%,"Manhattan, KS Metropolitan Statistical Area
Junction City, KS Micropolitan Statistical Area"
240,"Jamestown-Dunkirk-Fredonia, NY Micropolitan Statistical Area",132053,134905,−2.11%,
241,"Logan, UT-ID Metropolitan Statistical Area",131364,125442,+4.72%,
242,"Lawton, OK Metropolitan Statistical Area",131183,130291,+0.68%,
243,"Findlay-Tiffin, OH Combined Statistical Area",131006,131527,−0.40%,"Findlay, OH Micropolitan Statistical Area
Tiffin, OH Micropolitan Statistical Area"
244,"Hot Springs-Malvern, AR Combined Statistical Area",130690,128947,+1.35%,"Hot Springs, AR Metropolitan Statistical Area
Malvern, AR Micropolitan Statistical Area"
245,"Jackson, TN Metropolitan Statistical Area",130225,130011,+0.16%,
246,"Pittsfield, MA Metropolitan Statistical Area",128715,131219,−1.91%,
247,"Edwards-Glenwood Springs, CO Combined Statistical Area",128008,125734,+1.81%,"Glenwood Springs, CO Micropolitan Statistical Area
Edwards, CO Micropolitan Statistical Area"
248,"Sierra Vista-Douglas, AZ Metropolitan Statistical Area",127448,131346,−2.97%,
249,"London, KY Micropolitan Statistical Area",127316,126369,+0.75%,
250,"Carbondale-Marion, IL Metropolitan Statistical Area",126685,126575,+0.09%,
251,"Bismarck, ND Metropolitan Statistical Area",126597,114778,+10.30%,
252,"Altoona, PA Metropolitan Statistical Area",125955,127089,−0.89%,
253,"Goldsboro, NC Metropolitan Statistical Area",124456,122623,+1.49%,
254,"Farmington, NM Metropolitan Statistical Area",123785,130044,−4.81%,
255,"Mankato-New Ulm-North Mankato, MN Combined Statistical Area",123770,122633,+0.93%,"Mankato-North Mankato, MN Metropolitan Statistical Area
New Ulm, MN Micropolitan Statistical Area"
256,"Beckley, WV Metropolitan Statistical Area",123373,124898,−1.22%,
257,"Augusta-Waterville, ME Micropolitan Statistical Area",121112,122151,−0.85%,
258,"Rome-Summerville, GA Combined Statistical Area",121002,122332,−1.09%,"Rome, GA Metropolitan Statistical Area
Summerville, GA Micropolitan Statistical Area"
259,"Victoria-Port Lavaca, TX Combined Statistical Area",120427,115384,+4.37%,"Victoria, TX Metropolitan Statistical Area
Port Lavaca, TX Micropolitan Statistical Area"
260,"Watertown-Fort Drum, NY Metropolitan Statistical Area",119103,116229,+2.47%,
261,"Kokomo-Peru, IN Combined Statistical Area",118936,119655,−0.60%,"Kokomo, IN Metropolitan Statistical Area
Peru, IN Micropolitan Statistical Area"
262,"San Angelo, TX Metropolitan Statistical Area",118182,111823,+5.69%,
263,"Owensboro, KY Metropolitan Statistical Area",116506,114752,+1.53%,
264,"Quincy-Hannibal, IL-MO Combined Statistical Area",116301,116262,+0.03%,"Quincy, IL-MO Micropolitan Statistical Area
Hannibal, MO Micropolitan Statistical Area"
265,"Anniston-Oxford-Jacksonville, AL Metropolitan Statistical Area",115916,118572,−2.24%,
266,"Wooster, OH Micropolitan Statistical Area",115537,114520,+0.89%,
267,"Sheboygan, WI Metropolitan Statistical Area",115290,115507,−0.19%,
268,"Brunswick, GA Metropolitan Statistical Area",114806,112370,+2.17%,
269,"Wenatchee, WA Metropolitan Statistical Area",114392,110884,+3.16%,
270,"Missoula, MT Metropolitan Statistical Area",112684,109299,+3.10%,
271,"Moses Lake-Othello, WA Combined Statistical Area",112326,107848,+4.15%,"Moses Lake, WA Micropolitan Statistical Area
Othello, WA Micropolitan Statistical Area"
272,"Mount Pleasant-Alma, MI Combined Statistical Area",112281,112787,−0.45%,"Mount Pleasant, MI Micropolitan Statistical Area
Alma, MI Micropolitan Statistical Area"
273,"Ogdensburg-Massena, NY Micropolitan Statistical Area",111400,111944,−0.49%,
274,"Decatur, IL Metropolitan Statistical Area",108350,110768,−2.18%,
275,"Show Low, AZ Micropolitan Statistical Area",108101,107449,+0.61%,
276,"Sumter, SC Metropolitan Statistical Area",107919,107456,+0.43%,
277,"Cookeville, TN Micropolitan Statistical Area",107761,106042,+1.62%,
278,"Roseburg, OR Micropolitan Statistical Area",106972,107667,−0.65%,
279,"Meridian, MS Micropolitan Statistical Area",106201,107449,−1.16%,
280,"Bluefield, WV-VA Micropolitan Statistical Area",105237,107342,−1.96%,
281,"Danville, VA Micropolitan Statistical Area",104827,106561,−1.63%,
282,"Twin Falls, ID Micropolitan Statistical Area",103732,99604,+4.14%,
283,"Gadsden, AL Metropolitan Statistical Area",103531,104430,−0.86%,
284,"Grand Forks, ND-MN Metropolitan Statistical Area",101842,98461,+3.43%,
285,"Fond du Lac, WI Metropolitan Statistical Area",101759,101633,+0.12%,
286,"Tullahoma-Manchester, TN Micropolitan Statistical Area",101344,100210,+1.13%,
287,"Cumberland, MD-WV Metropolitan Statistical Area",100530,103299,−2.68%,
288,"Fairbanks, AK Metropolitan Statistical Area",99357,97581,+1.82%,
289,"Sebring, FL Metropolitan Statistical Area",98236,98786,−0.56%,
290,"Bozeman, MT Micropolitan Statistical Area",97308,89513,+8.71%,
291,"Cheyenne, WY Metropolitan Statistical Area",96389,91738,+5.07%,
292,"Dubuque, IA Metropolitan Statistical Area",96370,93653,+2.90%,
293,"Kalispell, MT Micropolitan Statistical Area",94924,90928,+4.39%,
294,"Clarksburg, WV Micropolitan Statistical Area",94221,94196,+0.03%,
295,"Pinehurst-Southern Pines, NC Micropolitan Statistical Area",93077,88247,+5.47%,
296,"Brainerd, MN Micropolitan Statistical Area",91824,91067,+0.83%,
297,"Dixon-Sterling, IL Combined Statistical Area",91611,94529,−3.09%,"Sterling, IL Micropolitan Statistical Area
Dixon, IL Micropolitan Statistical Area"
298,"Richmond-Connersville, IN Combined Statistical Area",91139,93194,−2.21%,"Richmond, IN Micropolitan Statistical Area
Connersville, IN Micropolitan Statistical Area"
299,"DeRidder-Fort Polk South, LA Combined Statistical Area",88330,87988,+0.39%,"Fort Polk South, LA Micropolitan Statistical Area
DeRidder, LA Micropolitan Statistical Area"
300,"Hermiston-Pendleton, OR Micropolitan Statistical Area",87892,87062,+0.95%,
301,"Ukiah, CA Micropolitan Statistical Area",87869,87841,+0.03%,
302,"Lufkin, TX Micropolitan Statistical Area",87750,86771,+1.13%,
303,"Pullman-Moscow, WA-ID Combined Statistical Area",85238,82020,+3.92%,"Pullman, WA Micropolitan Statistical Area
Moscow, ID Micropolitan Statistical Area"
304,"Russellville, AR Micropolitan Statistical Area",85152,83939,+1.45%,
305,"Laurel, MS Micropolitan Statistical Area",84891,84823,+0.08%,
306,"Grand Island, NE Metropolitan Statistical Area",84755,81850,+3.55%,
307,"Pocatello, ID Metropolitan Statistical Area",83347,82839,+0.61%,
308,"Great Falls, MT Metropolitan Statistical Area",82344,81327,+1.25%,
309,"Plattsburgh, NY Micropolitan Statistical Area",81632,82128,−0.60%,
310,"Casper, WY Metropolitan Statistical Area",81624,75450,+8.18%,
311,"Stillwater, OK Micropolitan Statistical Area",80264,77350,+3.77%,
312,"Manitowoc, WI Micropolitan Statistical Area",80160,81442,−1.57%,
313,"Danville, IL Metropolitan Statistical Area",79728,81625,−2.32%,
314,"Warsaw, IN Micropolitan Statistical Area",78564,77358,+1.56%,
315,"Minot, ND Micropolitan Statistical Area",77959,69540,+12.11%,
316,"Helena, MT Micropolitan Statistical Area",77414,74801,+3.49%,
317,"Key West, FL Micropolitan Statistical Area",77136,73090,+5.54%,
318,"Keene, NH Micropolitan Statistical Area",76115,77117,−1.30%,
319,"Gallup, NM Micropolitan Statistical Area",74098,71492,+3.65%,
320,"Port Angeles, WA Micropolitan Statistical Area",72715,71404,+1.84%,
321,"Martin-Union City, TN-KY Combined Statistical Area",71579,73641,−2.80%,"Union City, TN-KY Micropolitan Statistical Area
Martin, TN Micropolitan Statistical Area"
322,"Aberdeen, WA Micropolitan Statistical Area",70818,72797,−2.72%,
323,"Clovis-Portales, NM Combined Statistical Area",70505,68222,+3.35%,"Clovis, NM Micropolitan Statistical Area
Portales, NM Micropolitan Statistical Area"
324,"Kapaa, HI Micropolitan Statistical Area",70475,67091,+5.04%,
325,"Hobbs, NM Micropolitan Statistical Area",69999,64727,+8.14%,
326,"North Wilkesboro, NC Micropolitan Statistical Area",68838,69340,−0.72%,
327,"Marion, IN Micropolitan Statistical Area",68569,70061,−2.13%,
328,"Greeneville, TN Micropolitan Statistical Area",68335,68831,−0.72%,
329,"Marquette, MI Micropolitan Statistical Area",67676,67077,+0.89%,
330,"Forest City, NC Micropolitan Statistical Area",66600,67810,−1.78%,
331,"Roswell, NM Micropolitan Statistical Area",65878,65645,+0.35%,
332,"Martinsville, VA Micropolitan Statistical Area",65792,67972,−3.21%,
333,"Klamath Falls, OR Micropolitan Statistical Area",65455,66380,−1.39%,
334,"Nacogdoches, TX Micropolitan Statistical Area",65301,64524,+1.20%,
335,"Alamogordo, NM Micropolitan Statistical Area",65082,63797,+2.01%,
336,"Marinette, WI-MI Micropolitan Statistical Area",65012,65778,−1.16%,
337,"Athens, OH Micropolitan Statistical Area",64713,64757,−0.07%,
338,"Clearlake, CA Micropolitan Statistical Area",64184,64665,−0.74%,
339,"Charleston-Mattoon, IL Micropolitan Statistical Area",64153,64921,−1.18%,
340,"Walla Walla, WA Metropolitan Statistical Area",63829,62859,+1.54%,
341,"Somerset, KY Micropolitan Statistical Area",63825,63063,+1.21%,
342,"Hutchinson, KS Micropolitan Statistical Area",63794,64511,−1.11%,
343,"Enid, OK Micropolitan Statistical Area",63091,60580,+4.14%,
344,"Coos Bay, OR Micropolitan Statistical Area",62475,63043,−0.90%,
345,"Lewiston, ID-WA Metropolitan Statistical Area",62196,60888,+2.15%,
346,"Salina, KS Micropolitan Statistical Area",61820,61697,+0.20%,
347,"Sayre, PA Micropolitan Statistical Area",61784,62622,−1.34%,
348,"Cleveland-Indianola, MS Combined Statistical Area",61264,63595,−3.67%,"Cleveland, MS Micropolitan Statistical Area
Indianola, MS Micropolitan Statistical Area"
349,"Oneonta, NY Micropolitan Statistical Area",61128,62259,−1.82%,
350,"Fort Madison-Keokuk, IA-IL-MO Micropolitan Statistical Area",60767,62105,−2.15%,
351,"Fremont, OH Micropolitan Statistical Area",60179,60944,−1.26%,
352,"Rutland, VT Micropolitan Statistical Area",60086,61642,−2.52%,
353,"Columbus, MS Micropolitan Statistical Area",59730,59779,−0.08%,
354,"Big Stone Gap, VA Micropolitan Statistical Area",59274,61313,−3.33%,
355,"Barre, VT Micropolitan Statistical Area",58998,59534,−0.90%,
356,"Kinston, NC Micropolitan Statistical Area",58485,59495,−1.70%,
357,"Crossville, TN Micropolitan Statistical Area",57985,56053,+3.45%,
358,"Fergus Falls, MN Micropolitan Statistical Area",57635,57303,+0.58%,
359,"Palestine, TX Micropolitan Statistical Area",57627,58458,−1.42%,
360,"Dublin, GA Micropolitan Statistical Area",57552,58414,−1.48%,
361,"Point Pleasant, WV-OH Micropolitan Statistical Area",57413,58258,−1.45%,
362,"Eagle Pass, TX Micropolitan Statistical Area",57023,54258,+5.10%,
363,"Carlsbad-Artesia, NM Micropolitan Statistical Area",56395,53829,+4.77%,
364,"Jasper, IN Micropolitan Statistical Area",54969,54734,+0.43%,
365,"Kearney, NE Micropolitan Statistical Area",54868,52591,+4.33%,
366,"Elko, NV Micropolitan Statistical Area",54784,50805,+7.83%,
367,"Waycross, GA Micropolitan Statistical Area",54506,55070,−1.02%,
368,"Milledgeville, GA Micropolitan Statistical Area",54418,55149,−1.33%,
369,"Danville, KY Micropolitan Statistical Area",54151,53174,+1.84%,
370,"Durango, CO Micropolitan Statistical Area",53989,51334,+5.17%,
371,"Sonora, CA Micropolitan Statistical Area",53831,55365,−2.77%,
372,"Oil City, PA Micropolitan Statistical Area",53529,54984,−2.65%,
373,"Fort Leonard Wood, MO Micropolitan Statistical Area",53436,52274,+2.22%,
374,"Payson, AZ Micropolitan Statistical Area",53119,53597,−0.89%,
375,"Oxford, MS Micropolitan Statistical Area",52930,47351,+11.78%,
376,"McComb, MS Micropolitan Statistical Area",52687,53535,−1.58%,
377,"Boone, NC Micropolitan Statistical Area",52560,51079,+2.90%,
378,"Natchez, MS-LA Micropolitan Statistical Area",52203,53119,−1.72%,
379,"Galesburg, IL Micropolitan Statistical Area",52069,52919,−1.61%,
380,"Platteville, WI Micropolitan Statistical Area",51829,51208,+1.21%,
381,"Malone, NY Micropolitan Statistical Area",51262,51599,−0.65%,
382,"Winona, MN Micropolitan Statistical Area",51097,51461,−0.71%,
383,"Mason City, IA Micropolitan Statistical Area",50878,51749,−1.68%,
384,"Kerrville, TX Micropolitan Statistical Area",50562,49625,+1.89%,
385,"Paris, TX Micropolitan Statistical Area",49523,49793,−0.54%,
386,"Starkville, MS Micropolitan Statistical Area",49414,47671,+3.66%,
387,"Del Rio, TX Micropolitan Statistical Area",48974,48879,+0.19%,
388,"Greenville, MS Micropolitan Statistical Area",48958,51137,−4.26%,
389,"Ardmore, OK Micropolitan Statistical Area",48821,47557,+2.66%,
390,"Norfolk, NE Micropolitan Statistical Area",48445,48271,+0.36%,
391,"Gillette, WY Micropolitan Statistical Area",48320,46133,+4.74%,
392,"Cadillac, MI Micropolitan Statistical Area",47923,47584,+0.71%,
393,"Cedar City, UT Micropolitan Statistical Area",47269,46163,+2.40%,
394,"Burlington, IA-IL Micropolitan Statistical Area",47171,47656,−1.02%,
395,"Lewistown, PA Micropolitan Statistical Area",46552,46682,−0.28%,
396,"Newport, OR Micropolitan Statistical Area",46406,46034,+0.81%,
397,"Madisonville, KY Micropolitan Statistical Area",46376,46920,−1.16%,
398,"Moultrie, GA Micropolitan Statistical Area",46102,45498,+1.33%,
399,"Hillsdale, MI Micropolitan Statistical Area",45830,46688,−1.84%,
400,"Huntingdon, PA Micropolitan Statistical Area",45750,45913,−0.36%,
401,"Rockingham, NC Micropolitan Statistical Area",45733,46639,−1.94%,
402,"Bemidji, MN Micropolitan Statistical Area",45664,44442,+2.75%,
403,"Ponca City, OK Micropolitan Statistical Area",45478,46562,−2.33%,
404,"Harrison, AR Micropolitan Statistical Area",45100,45233,−0.29%,
405,"Rock Springs, WY Micropolitan Statistical Area",45010,43806,+2.75%,
406,"Thomasville, GA Micropolitan Statistical Area",44959,44720,+0.53%,
407,"Rolla, MO Micropolitan Statistical Area",44847,45156,−0.68%,
408,"McAlester, OK Micropolitan Statistical Area",44626,45837,−2.64%,
409,"Duncan, OK Micropolitan Statistical Area",44493,45048,−1.23%,
410,"Blytheville, AR Micropolitan Statistical Area",44235,46480,−4.83%,
411,"Ottumwa, IA Micropolitan Statistical Area",43993,44378,−0.87%,
412,"Burley, ID Micropolitan Statistical Area",43863,43021,+1.96%,
413,"Cornelia, GA Micropolitan Statistical Area",43752,43041,+1.65%,
414,"Coldwater, MI Micropolitan Statistical Area",43545,45248,−3.76%,
415,"Poplar Bluff, MO Micropolitan Statistical Area",42972,42794,+0.42%,
416,"Douglas, GA Micropolitan Statistical Area",42811,42356,+1.07%,
417,"Bradford, PA Micropolitan Statistical Area",42554,43450,−2.06%,
418,"Ellensburg, WA Micropolitan Statistical Area",42522,40915,+3.93%,
419,"Aberdeen, SD Micropolitan Statistical Area",42391,40602,+4.41%,
420,"Willmar, MN Micropolitan Statistical Area",42285,42239,+0.11%,
421,"Sedalia, MO Micropolitan Statistical Area",42225,42201,+0.06%,
422,"Selma, AL Micropolitan Statistical Area",41711,43820,−4.81%,
423,"Greenwood, MS Micropolitan Statistical Area",41676,42914,−2.88%,
424,"Sandpoint, ID Micropolitan Statistical Area",41585,40877,+1.73%,
425,"Garden City, KS Micropolitan Statistical Area",41099,40753,+0.85%,
426,"Cullowhee, NC Micropolitan Statistical Area",40981,40271,+1.76%,
427,"Montrose, CO Micropolitan Statistical Area",40873,41276,−0.98%,
428,"Marshalltown, IA Micropolitan Statistical Area",40866,40648,+0.54%,
429,"Mountain Home, AR Micropolitan Statistical Area",40857,41513,−1.58%,
430,"Tifton, GA Micropolitan Statistical Area",40704,40118,+1.46%,
431,"Riverton, WY Micropolitan Statistical Area",40703,40123,+1.45%,
432,"Warren, PA Micropolitan Statistical Area",40703,41815,−2.66%,
433,"El Dorado, AR Micropolitan Statistical Area",40227,41639,−3.39%,
434,"West Plains, MO Micropolitan Statistical Area",40173,40400,−0.56%,
435,"Stephenville, TX Micropolitan Statistical Area",40147,37890,+5.96%,
436,"McMinnville, TN Micropolitan Statistical Area",39969,39839,+0.33%,
437,"Pittsburg, KS Micropolitan Statistical Area",39290,39134,+0.40%,
438,"Natchitoches, LA Micropolitan Statistical Area",39166,39566,−1.01%,
439,"Houghton, MI Micropolitan Statistical Area",38712,38784,−0.19%,
440,"Mount Vernon, IL Micropolitan Statistical Area",38534,38827,−0.75%,
441,"Scottsbluff, NE Micropolitan Statistical Area",38532,38971,−1.13%,
442,"Defiance, OH Micropolitan Statistical Area",38510,39037,−1.35%,
443,"Clewiston, FL Micropolitan Statistical Area",38505,39140,−1.62%,
444,"Logansport, IN Micropolitan Statistical Area",38438,38966,−1.36%,
445,"Sault Ste. Marie, MI Micropolitan Statistical Area",38321,38520,−0.52%,
446,"Murray, KY Micropolitan Statistical Area",38282,37191,+2.93%,
447,"Ada, OK Micropolitan Statistical Area",38005,37492,+1.37%,
448,"Safford, AZ Micropolitan Statistical Area",37957,37220,+1.98%,
449,"Big Spring, TX Micropolitan Statistical Area",37942,36238,+4.70%,
450,"Vincennes, IN Micropolitan Statistical Area",37938,38440,−1.31%,
451,"Dyersburg, TN Micropolitan Statistical Area",37935,38335,−1.04%,
452,"Laramie, WY Micropolitan Statistical Area",37811,36299,+4.17%,
453,"Berlin, NH-VT Micropolitan Statistical Area",37778,39361,−4.02%,
454,"Brownwood, TX Micropolitan Statistical Area",37653,38106,−1.19%,
455,"Astoria, OR Micropolitan Statistical Area",37474,37039,+1.17%,
456,"Corinth, MS Micropolitan Statistical Area",37380,37057,+0.87%,
457,"North Platte, NE Micropolitan Statistical Area",37063,37590,−1.40%,
458,"Batesville, AR Micropolitan Statistical Area",36959,36647,+0.85%,
459,"Fort Dodge, IA Micropolitan Statistical Area",36955,38013,−2.78%,
460,"Vernal, UT Micropolitan Statistical Area",36867,32588,+13.13%,
461,"Steamboat Springs-Craig, CO Combined Statistical Area",36793,37304,−1.37%,"Steamboat Springs, CO Micropolitan Statistical Area
Craig, CO Micropolitan Statistical Area"
462,"Alexandria, MN Micropolitan Statistical Area",36790,36009,+2.17%,
463,"Owatonna, MN Micropolitan Statistical Area",36573,36576,−0.01%,
464,"Escanaba, MI Micropolitan Statistical Area",36559,37069,−1.38%,
465,"Coshocton, OH Micropolitan Statistical Area",36516,36901,−1.04%,
466,"Bennington, VT Micropolitan Statistical Area",36445,37125,−1.83%,
467,"Americus, GA Micropolitan Statistical Area",36395,37829,−3.79%,
468,"Vidalia, GA Micropolitan Statistical Area",36273,36346,−0.20%,
469,"Lebanon, MO Micropolitan Statistical Area",35439,35571,−0.37%,
470,"Dodge City, KS Micropolitan Statistical Area",34795,33848,+2.80%,
471,"Plainview, TX Micropolitan Statistical Area",34720,36273,−4.28%,
472,"Butte-Silver Bow, MT Micropolitan Statistical Area",34680,34200,+1.40%,
473,"Effingham, IL Micropolitan Statistical Area",34320,34242,+0.23%,
474,"Coffeyville, KS Micropolitan Statistical Area",34065,35471,−3.96%,
475,"Troy, AL Micropolitan Statistical Area",33389,32899,+1.49%,
476,"Brookings, SD Micropolitan Statistical Area",33314,31965,+4.22%,
477,"Jackson, WY-ID Micropolitan Statistical Area",33271,31464,+5.74%,
478,"Emporia, KS Micropolitan Statistical Area",33212,33690,−1.42%,
479,"Taos, NM Micropolitan Statistical Area",33084,32937,+0.45%,
480,"Beeville, TX Micropolitan Statistical Area",33084,31861,+3.84%,
481,"Jackson, OH Micropolitan Statistical Area",32748,33225,−1.44%,
482,"Washington, IN Micropolitan Statistical Area",32729,31648,+3.42%,
483,"Columbus, NE Micropolitan Statistical Area",32666,32237,+1.33%,
484,"Mount Pleasant, TX Micropolitan Statistical Area",32506,32334,+0.53%,
485,"Juneau, AK Micropolitan Statistical Area",32406,31275,+3.62%,
486,"Wabash, IN Micropolitan Statistical Area",32252,32888,−1.93%,
487,"Paris, TN Micropolitan Statistical Area",32204,32330,−0.39%,
488,"Williston, ND Micropolitan Statistical Area",32130,22398,+43.45%,
489,"Macomb, IL Micropolitan Statistical Area",31880,32612,−2.24%,
490,"Susanville, CA Micropolitan Statistical Area",31749,34895,−9.02%,
491,"Hastings, NE Micropolitan Statistical Area",31457,31364,+0.30%,
492,"Kennett, MO Micropolitan Statistical Area",31344,31953,−1.91%,
493,"Albert Lea, MN Micropolitan Statistical Area",30840,31255,−1.33%,
494,"Iron Mountain, MI-WI Micropolitan Statistical Area",30438,30591,−0.50%,
495,"Dickinson, ND Micropolitan Statistical Area",30372,24199,+25.51%,
496,"Sheridan, WY Micropolitan Statistical Area",30032,29116,+3.15%,
497,"Camden, AR Micropolitan Statistical Area",30030,31488,−4.63%,
498,"Kirksville, MO Micropolitan Statistical Area",29972,30038,−0.22%,
499,"Jesup, GA Micropolitan Statistical Area",29949,30099,−0.50%,
500,"Weatherford, OK Micropolitan Statistical Area",29500,27469,+7.39%,
501,"Elkins, WV Micropolitan Statistical Area",29429,29405,+0.08%,
502,"Breckenridge, CO Micropolitan Statistical Area",29404,27994,+5.04%,
503,"McPherson, KS Micropolitan Statistical Area",29241,29180,+0.21%,
504,"Silver City, NM Micropolitan Statistical Area",29096,29514,−1.42%,
505,"Hays, KS Micropolitan Statistical Area",29013,28452,+1.97%,
506,"Alpena, MI Micropolitan Statistical Area",28988,29598,−2.06%,
507,"Ludington, MI Micropolitan Statistical Area",28824,28705,+0.41%,
508,"Fort Morgan, CO Micropolitan Statistical Area",28328,28159,+0.60%,
509,"Watertown, SD Micropolitan Statistical Area",27938,27227,+2.61%,
510,"Bennettsville, SC Micropolitan Statistical Area",27924,28933,−3.49%,
511,"Hailey, ID Micropolitan Statistical Area",27837,27701,+0.49%,
512,"Middlesborough, KY Micropolitan Statistical Area",27778,28691,−3.18%,
513,"Wauchula, FL Micropolitan Statistical Area",27469,27731,−0.94%,
514,"Great Bend, KS Micropolitan Statistical Area",27385,27674,−1.04%,
515,"Crescent City, CA Micropolitan Statistical Area",27212,28610,−4.89%,
516,"Uvalde, TX Micropolitan Statistical Area",27117,26405,+2.70%,
517,"Lexington, NE Micropolitan Statistical Area",26066,26370,−1.15%,
518,"Altus, OK Micropolitan Statistical Area",25998,26446,−1.69%,
519,"La Grande, OR Micropolitan Statistical Area",25691,25748,−0.22%,
520,"Marshall, MN Micropolitan Statistical Area",25665,25857,−0.74%,
521,"Fredericksburg, TX Micropolitan Statistical Area",25520,24837,+2.75%,
522,"The Dalles, OR Micropolitan Statistical Area",25515,25213,+1.20%,
523,"Toccoa, GA Micropolitan Statistical Area",25480,26175,−2.66%,
524,"Campbellsville, KY Micropolitan Statistical Area",25257,24512,+3.04%,
525,"Clarksdale, MS Micropolitan Statistical Area",24807,26151,−5.14%,
526,"Deming, NM Micropolitan Statistical Area",24673,25095,−1.68%,
527,"Fallon, NV Micropolitan Statistical Area",23989,24877,−3.57%,
528,"Magnolia, AR Micropolitan Statistical Area",23933,24552,−2.52%,
529,"Elk City, OK Micropolitan Statistical Area",23691,22119,+7.11%,
530,"Liberal, KS Micropolitan Statistical Area",23465,22952,+2.24%,
531,"Marshall, MO Micropolitan Statistical Area",23347,23370,−0.10%,
532,"Mitchell, SD Micropolitan Statistical Area",23304,22835,+2.05%,
533,"Maryville, MO Micropolitan Statistical Area",23081,23370,−1.24%,
534,"Pampa, TX Micropolitan Statistical Area",23044,22535,+2.26%,
535,"Cordele, GA Micropolitan Statistical Area",22934,23439,−2.15%,
536,"Hood River, OR Micropolitan Statistical Area",22885,22346,+2.41%,
537,"Yankton, SD Micropolitan Statistical Area",22684,22438,+1.10%,
538,"Arkadelphia, AR Micropolitan Statistical Area",22576,22995,−1.82%,
539,"Sterling, CO Micropolitan Statistical Area",22524,22709,−0.81%,
540,"Oskaloosa, IA Micropolitan Statistical Area",22370,22381,−0.05%,
541,"Brookings, OR Micropolitan Statistical Area",22335,22364,−0.13%,
542,"Dumas, TX Micropolitan Statistical Area",22148,21904,+1.11%,
543,"Pierre, SD Micropolitan Statistical Area",22063,21361,+3.29%,
544,"Guymon, OK Micropolitan Statistical Area",21853,20640,+5.88%,
545,"Grenada, MS Micropolitan Statistical Area",21666,21906,−1.10%,
546,"Worthington, MN Micropolitan Statistical Area",21590,21378,+0.99%,
547,"Woodward, OK Micropolitan Statistical Area",21529,20081,+7.21%,
548,"Jamestown, ND Micropolitan Statistical Area",21129,21100,+0.14%,
549,"Parsons, KS Micropolitan Statistical Area",20960,21607,−2.99%,
550,"Evanston, WY Micropolitan Statistical Area",20904,21118,−1.01%,
551,"Price, UT Micropolitan Statistical Area",20660,21403,−3.47%,
552,"Storm Lake, IA Micropolitan Statistical Area",20578,20260,+1.57%,
553,"Helena-West Helena, AR Micropolitan Statistical Area",19930,21757,−8.40%,
554,"Hereford, TX Micropolitan Statistical Area",19195,19372,−0.91%,
555,"Huron, SD Micropolitan Statistical Area",18169,17398,+4.43%,
556,"Andrews, TX Micropolitan Statistical Area",17477,14786,+18.20%,
557,"Fitzgerald, GA Micropolitan Statistical Area",17464,17634,−0.96%,
558,"Vineyard Haven, MA Micropolitan Statistical Area",17356,16535,+4.97%,
559,"Snyder, TX Micropolitan Statistical Area",17328,16921,+2.41%,
560,"Fairfield, IA Micropolitan Statistical Area",17325,16843,+2.86%,
561,"Winnemucca, NV Micropolitan Statistical Area",17279,16528,+4.54%,
562,"Spirit Lake, IA Micropolitan Statistical Area",16935,16667,+1.61%,
563,"Spencer, IA Micropolitan Statistical Area",16515,16667,−0.91%,
564,"Sweetwater, TX Micropolitan Statistical Area",15093,15216,−0.81%,
565,"Pecos, TX Micropolitan Statistical Area",14349,13783,+4.11%,
566,"Zapata, TX Micropolitan Statistical Area",14319,14018,+2.15%,
567,"Ketchikan, AK Micropolitan Statistical Area",13787,13477,+2.30%,
568,"Lamesa, TX Micropolitan Statistical Area",13372,13833,−3.33%,
569,"Vernon, TX Micropolitan Statistical Area",12973,13535,−4.15%,
